{"__name__": "<run_path>", "__doc__": null, "__package__": "", "__loader__": null, "__spec__": null, "__file__": "results/2025-08-06_06-39-13/audit_execution/image_18917.457_00002815.jpg_question_8/exec_env/executable_program.py", "__cached__": null, "coffee_tables": [[3, 922, 1065, 1904], [3, 923, 1063, 1716]], "fireplaces": [[938, 633, 1175, 905], [871, 500, 1182, 912], [806, 361, 1258, 970]], "coffee_table_heights": [2071.6106429100037, 1847.0195116996765], "fireplace_heights": [1030.475326538086, 1565.8221731185913, 2240.452134847641], "max_coffee_table_height": 2071.6106429100037, "max_fireplace_height": 2240.452134847641, "double_coffee_table_height": 4143.221285820007, "final_result": 0.5407512609851397}